{"accuracy": [0.3468400537967682, 0.40725260972976685, 0.4276868402957916, 0.4311312437057495, 0.42807385325431824, 0.4299702048301697, 0.43244707584381104, 0.43391773104667664, 0.43229228258132935, 0.4383683502674103, 0.44599249958992004, 0.44819846749305725, 0.41305777430534363, 0.49061495065689087, 0.5272262692451477, 0.5528851747512817, 0.5720422863960266, 0.590541422367096, 0.6073377728462219, 0.618096649646759], "loss": [1.7665536403656006, 1.5664827823638916, 1.5122684240341187, 1.4951785802841187, 1.4945189952850342, 1.4893534183502197, 1.4922696352005005, 1.4869613647460938, 1.4822852611541748, 1.4774169921875, 1.4560129642486572, 1.4494094848632812, 1.6442475318908691, 1.3399317264556885, 1.25124192237854, 1.183945655822754, 1.1337701082229614, 1.0907410383224487, 1.0512439012527466, 1.0100338459014893], "val_accuracy": [0.398257851600647, 0.41533100605010986, 0.4292683005332947, 0.4320557415485382, 0.4355400800704956, 0.43170732259750366, 0.4331010580062866, 0.4372822344303131, 0.43519163131713867, 0.4348432123661041, 0.43066200613975525, 0.4348432123661041, 0.4261324107646942, 0.48327526450157166, 0.49616724252700806, 0.5278745889663696, 0.5324041843414307, 0.5418118238449097, 0.5331010222434998, 0.5337979197502136], "val_loss": [1.5572381019592285, 1.5099098682403564, 1.4854235649108887, 1.4785335063934326, 1.4768869876861572, 1.4788576364517212, 1.4736933708190918, 1.480107069015503, 1.475916862487793, 1.474097490310669, 1.4835292100906372, 1.4815360307693481, 1.7046527862548828, 1.4139070510864258, 1.3594294786453247, 1.2742512226104736, 1.2617841958999634, 1.2282055616378784, 1.2442114353179932, 1.266918420791626], "learning_rate": [0.0010000000474974513, 0.0010000000474974513, 0.0010000000474974513, 0.0010000000474974513, 0.0010000000474974513, 0.0010000000474974513, 0.0010000000474974513, 0.0010000000474974513, 0.0010000000474974513, 0.0010000000474974513, 0.0005000000237487257, 0.0005000000237487257, 9.999999747378752e-05, 9.999999747378752e-05, 9.999999747378752e-05, 9.999999747378752e-05, 9.999999747378752e-05, 9.999999747378752e-05, 9.999999747378752e-05, 9.999999747378752e-05]}