{"accuracy": [0.2461782544851303, 0.2955609858036041, 0.33012112975120544, 0.3645651936531067, 0.3841480016708374, 0.4037307798862457, 0.4150315523147583, 0.4256743788719177, 0.43925848603248596, 0.4499013125896454, 0.46302101016044617, 0.46716204285621643, 0.47470876574516296, 0.47614070773124695, 0.48585471510887146, 0.49274352192878723, 0.5019544363021851, 0.5004450678825378, 0.5070242881774902, 0.5166221857070923, 0.5190990567207336, 0.5245171785354614, 0.5298966765403748, 0.5280002951622009, 0.529238760471344, 0.5305545926094055, 0.5349278450012207, 0.5430163741111755, 0.5454932451248169, 0.5421649217605591, 0.5437517166137695, 0.5454545617103577, 0.5447192192077637, 0.5501760840415955, 0.5511049032211304, 0.5509887933731079, 0.5519176721572876, 0.550059974193573, 0.5522659420967102, 0.5512210130691528, 0.5504083037376404, 0.5559425950050354, 0.5531947612762451, 0.5566391944885254, 0.5559425950050354, 0.5582646131515503, 0.5584968328475952, 0.5542010068893433, 0.5562134981155396, 0.555091142654419], "loss": [1.8476020097732544, 1.7282851934432983, 1.6684259176254272, 1.6178133487701416, 1.5774743556976318, 1.5401989221572876, 1.5097918510437012, 1.484534740447998, 1.459765911102295, 1.4396755695343018, 1.41559636592865, 1.400949239730835, 1.382643222808838, 1.3710007667541504, 1.3559902906417847, 1.3365166187286377, 1.3241186141967773, 1.3138318061828613, 1.302937626838684, 1.2801426649093628, 1.2666897773742676, 1.2627081871032715, 1.2528382539749146, 1.2519218921661377, 1.2471872568130493, 1.2428134679794312, 1.2391937971115112, 1.221064567565918, 1.2153323888778687, 1.2120614051818848, 1.207696795463562, 1.2073959112167358, 1.202369213104248, 1.193746566772461, 1.1955256462097168, 1.1943254470825195, 1.1933846473693848, 1.1897886991500854, 1.1902297735214233, 1.188643217086792, 1.1865391731262207, 1.1816188097000122, 1.1866168975830078, 1.1779520511627197, 1.1827647686004639, 1.178752064704895, 1.1784636974334717, 1.1820274591445923, 1.1817927360534668, 1.1773327589035034], "val_accuracy": [0.18048781156539917, 0.23623692989349365, 0.31114983558654785, 0.2512195110321045, 0.24146340787410736, 0.3027874529361725, 0.34982576966285706, 0.34041813015937805, 0.31986063718795776, 0.34564459323883057, 0.39790940284729004, 0.31881532073020935, 0.37560975551605225, 0.3634146451950073, 0.42891985177993774, 0.4097560942173004, 0.3874564468860626, 0.3665505349636078, 0.3707317113876343, 0.45818814635276794, 0.4700348377227783, 0.47630661725997925, 0.49512195587158203, 0.4759581983089447, 0.47456446290016174, 0.46864110231399536, 0.4825783967971802, 0.5278745889663696, 0.5198606252670288, 0.5216028094291687, 0.5188153386116028, 0.5254355669021606, 0.5320557355880737, 0.5428571701049805, 0.5390244126319885, 0.5386759638786316, 0.5334494709968567, 0.5390244126319885, 0.5477352142333984, 0.5400696992874146, 0.5470383167266846, 0.5473867654800415, 0.5425087213516235, 0.5414634346961975, 0.5442508459091187, 0.5508710741996765, 0.5466898679733276, 0.5452961921691895, 0.5449477434158325, 0.5473867654800415], "val_loss": [1.8650285005569458, 1.8090245723724365, 1.6679500341415405, 1.8064020872116089, 1.8868460655212402, 1.7335326671600342, 1.6619616746902466, 1.7520008087158203, 1.7529512643814087, 1.8041186332702637, 1.5965862274169922, 1.848402738571167, 1.660286784172058, 1.684543490409851, 1.518553614616394, 1.6107239723205566, 1.6216131448745728, 1.6514368057250977, 1.7073384523391724, 1.410214900970459, 1.381273627281189, 1.4033468961715698, 1.3366003036499023, 1.366791009902954, 1.3527296781539917, 1.4372975826263428, 1.370707392692566, 1.2511084079742432, 1.270655870437622, 1.2511875629425049, 1.2744239568710327, 1.271059513092041, 1.2329990863800049, 1.2109832763671875, 1.2241345643997192, 1.222113847732544, 1.2254117727279663, 1.2130258083343506, 1.1924571990966797, 1.205245018005371, 1.1949238777160645, 1.1978886127471924, 1.194962978363037, 1.1961205005645752, 1.1941384077072144, 1.1853466033935547, 1.1917297840118408, 1.188673973083496, 1.1889513731002808, 1.191468358039856], "learning_rate": [0.0010000000474974513, 0.0010000000474974513, 0.0010000000474974513, 0.0010000000474974513, 0.0010000000474974513, 0.0010000000474974513, 0.0010000000474974513, 0.0010000000474974513, 0.0010000000474974513, 0.0010000000474974513, 0.0010000000474974513, 0.0010000000474974513, 0.0010000000474974513, 0.0010000000474974513, 0.0010000000474974513, 0.0010000000474974513, 0.0010000000474974513, 0.0010000000474974513, 0.0010000000474974513, 0.0005000000237487257, 0.0005000000237487257, 0.0005000000237487257, 0.0005000000237487257, 0.0005000000237487257, 0.0005000000237487257, 0.0005000000237487257, 0.0005000000237487257, 0.0002500000118743628, 0.0002500000118743628, 0.0002500000118743628, 0.0002500000118743628, 0.0002500000118743628, 0.0001250000059371814, 0.0001250000059371814, 0.0001250000059371814, 0.0001250000059371814, 0.0001250000059371814, 0.0001250000059371814, 6.25000029685907e-05, 6.25000029685907e-05, 6.25000029685907e-05, 6.25000029685907e-05, 6.25000029685907e-05, 3.125000148429535e-05, 3.125000148429535e-05, 3.125000148429535e-05, 3.125000148429535e-05, 3.125000148429535e-05, 3.125000148429535e-05, 3.125000148429535e-05]}