epoch,accuracy,learning_rate,loss,val_accuracy,val_loss
0,0.41305777430534363,9.999999747378752e-05,1.6442475318908691,0.4261324107646942,1.7046527862548828
1,0.49061495065689087,9.999999747378752e-05,1.3399317264556885,0.48327526450157166,1.4139070510864258
2,0.5272262692451477,9.999999747378752e-05,1.25124192237854,0.49616724252700806,1.3594294786453247
3,0.5528851747512817,9.999999747378752e-05,1.183945655822754,0.5278745889663696,1.2742512226104736
4,0.5720422863960266,9.999999747378752e-05,1.1337701082229614,0.5324041843414307,1.2617841958999634
5,0.590541422367096,9.999999747378752e-05,1.0907410383224487,0.5418118238449097,1.2282055616378784
6,0.6073377728462219,9.999999747378752e-05,1.0512439012527466,0.5331010222434998,1.2442114353179932
7,0.618096649646759,9.999999747378752e-05,1.0100338459014893,0.5337979197502136,1.266918420791626
